ID,Amino acid sequence,Kingdom,protein_signatures,SMILES_substrate_canonical_no_stereo
GFFR01069293,MASNNQEAIVRNVANFGPDIWGDLFTSFILDKEVMKTYNTEVEVMKEEVRGMLVSAAVGAGLNSGATLASIIANQMSLIDTIERLGLAFHFEKEIEQRVEHMFTDYNIGDGNNFLNDYDLFAISLHFRIFRQHGHRISSSMFSKFTDANGKFKENLSMDVLGMLSLYEASHLRIHGEEILEEAFYFTATHLKKLSDGKFIKNPLLANQVEHALVQPLHRGLPRMEAKYYISIYQQLDAKNDMLLKFARLDFNRLQLLYKQEIGDITRWWKDVLSAAKVSHVRDRAVDGYFCCAAIFDAPEYSLARSLLTKFFIAMTIIDDTYDAYGTYEELQSFTQAWLRWDAEAVNLLPDYMKPIYTSVRKAFASFESDLTREGRSYGAPYAVQQLKQMVECYDVETKWLREDYVPTFDEYIAYRLPTSMNPLHTVSFLGVGEDATIEAFEWVASNPKIVIASSVIARILNDIAGHEHEHQRKHIPTALDCYMKEYNISIEEARQEMHKMIESNWKDINEEMLRPIPVPMHLLMPILNLLRGLGICYTFEADGFTKPEKLEHLIRALYVDPIPSGKPSP,Fungi,With,CC(C)=CCCC(C)=CCCC(C)=CCOP([O-])(=O)OP([O-])([O-])=O
A0A7Y7XNZ7,MRPVRLPPVYCPLPHARHPNTDLLLPRCMTWMERWKLFADDLQRRRLEVSGIGELCGMIYPQGSDELAQIGTDYMMWTFAYDDEVCDEGPESQDTRALIDTTSRIQRHLESPELPLDTQDRYGMALRDIRIRMQAHGLPLHASRFVSVMRTYFMAEMWKSVSLQPSLNDYIIQRLFGGGGMTFPPFCYVVPRIDISEGELASRPVMALTEMAATFATWDNDLFSFPKEMMRSRDKRGHNLIDVIRRTQGCSVEDAIMSAIRMRDRVQGLFMRLQEQLIEEGTPAIRRYVERLSYYISGVLKWHLNNPRYIFLNGLDGEICLEGGELADRPLDESIEPLPIAAIAWWWHYDPARAG,Bacteria,With,CC(C)=CCCC(C)=CCCC(C)=CCOP([O-])(=O)OP([O-])([O-])=O
M2QMG2,MSSFSASNPTQVILPNLFKLCSFRLSFNPHYSKASQESSAWFHTFDILDERKREFFTQCEGELLCAYTYADADYNSFRACCDLLNVVWTMEELTDEQDEEQARATGLVLLNSLRDPQYKDDSTFGKMCREMSDRLWECTDLVRCGHFIQGCTDYVGAVAAEAGLRANDVLLDMDTYMVMRRANSGVPFCMSVSSFILGGDLPREVYEEASFKGMYVAATDMVCVANDLYSFYKEHVGGHRTNNILYVLMKENNVNLQEASDMIGTRFGELMDSFLENKAKMPSWGEDVDRDIAATIKCMEDWVIGNLQWSFETKRYFGDMRGEVRRTGIVPLSRNVMRGAAHAESSSSQRLCYL,Plants,With,CC(C)=CCCC(C)=CCCC(C)=CCOP([O-])(=O)OP([O-])([O-])=O
A0A2P0VN22,"MNQEVKNKIFSILKITFATALFIFVVITLYRELSGINFKDTLVEFSKINRMSLVLLFIGG
GASLVILSMYDVILSRALKMDISLGKVLRVSYIINALNAIVGFGGFIGAGVRAMVYKNYT
HDKKKLVHFISLILISMLTGLSLLSLLIVFHVFDASLILNKITWVRWVLYAVSLFLPLFI
IYSMVRPPDKNNRYVGLYCTLVSCVEWLAAAVVLYFCGVIVDVHVSFMSFIAIFIIAALS
GLVSFIPGGFGAFDLVVLLGFKTLGVPEEKVLLMLLLYRFAYYFVPVIIALILSSFEFGT
SAKKYIEGSKYFIPAKDVTSFLMSYQKDIIAKIPSLSLAILVFFTSMIFFVNNLTIVYDA
LYDGNHLTYYLLLAIHTSACLLLLLNVVGIYKQSRRAIIYAMISIILIIVATLFTYASYI
LITWLVIIFALLIVAFRRARRLKRPIRMRNLVAMLLFSIFILYINHIFIAGTFYALDVYT
IEMHTSVLKYYFWITILIIAIIVGAIAWLFDYQFSKVRISSNIEECEEIIDQYGGNYLSH
LIYSGDKQFFTNENKNAFLMYRYKASSLVVLGDPIGDENAFDELLEAFYNYAEYLGYDVI
FYQVTDQHMPLYHNFGNQFFKLGEEAIIDLTQFSTSGKKRRGFRATLNKFDELNISFEIV
EPPFSTEFINELQHVSDLWLDNRQEMHFSVGQFNEEYLSKAPIGVMRNENNEVIAFCSLMPTYFNDAISVDLIRWLPELDLPLMDGLYLHMLLWSKEQGYTKFNMGMATLSNVGQLHYSYLRERLAGRVFEHFNGLYRFQGLRRYKSKYNPNWEPRFLVYRKDNSLWESLSKVMRVIRHK",Viruses,Without,CC(C)=CCCC(C)=CCCC(C)=CCOP([O-])(=O)OP([O-])([O-])=O
A0A450SFA8,MTKRPELVRLPVSADEITLGKSVLASFDVMDATETVAAIERKEIGPALAPFINRYEQVGERDAFLWKFAWESIDLFTLPCIDPNWREYLLITKMLGAILLVVFDDVADQDRNGEILESLISAVQQREPESKNGAGSQKLAFVGELWLAIRERRSHMPRHGEFGTLLDFDYTQLFNSFRYALLVNIAPSLSNRTEHNLYHPHSMHIMVSATLDLMCSPDFASEEHGILREAVWNAQMMGRLSNCVTTWHREIKERDYSGNVFSLALERGIIHSDELRGSNTMALERKLRASEIEYLLLATWARHREKIIELSTLVHSVDLIALVRGLEKLLGLHISCRGYI,Bacteria,Without,CC(C)=CCCC(C)=CCCC(C)=CCOP([O-])(=O)OP([O-])([O-])=O
A0A2H0W7N1,"MQTVLDKIRGGISKVEIENEIKEIQNEQFSATLAPFIERYKTVGKRKEIFVFEWCYRINQRWMVLDVLDSEKNRLRDIKTLLNMFVVLIDDISEEKNNGDLLAELLKLPSGNKPAHINLNQDDVEYLQLTSDVWDSISHQVKQFPLYKKYKDCFDFDVFQLINAVKFGKFITDNKYHMNQLEYWQYFPNSMQIIINADLDLMCTPSFEESDLSKYREMILVTQKMARIGNWLTTWKREVLSDDYSSIVLPYAIDQNIISYDDLDNPELVISKIDKSDARQHFLDEWQKLYDTSAEIGKQI
QSADYIKILNRFEYLLRMHLISDDLK",Bacteria,Without,CC(C)=CCCC(C)=CCCC(C)=CCOP([O-])(=O)OP([O-])([O-])=O
A0A0E3NXY0,MVTVESDTFWKKYYLNFRDVASPLRTPALFEWLYDNYTYLHLSCVSPSIVSRLADLKTCMCIVDVAVDDSCDFASLIEKNGGEKFSYEMLSMLYNTDKVASGVYTSSYPGSCNNMYVKITFDIFSDLLGTHIISLPRYYDFRGEFFLAMRNVAKSMEFSYLLNKNRVIYPFSCVVQNRSASTMVAVHSILDLMSSENFDTSELGKAIAFFKMADVVAMLSNTVNTWKREIIERDYSSPVISLALEKKLIKFSDFEKINAENMEENLSPLSEIIEEELNKTISSMKEFAENCEIKSFDTSKFIGNYLKVRKHFEVRESYWINA,Archaea,Without,CC(C)=CCCC(C)=CCCC(C)=CCOP([O-])(=O)OP([O-])([O-])=O
A0A5E4I9B1,"MKNNGNKLWENSYEKFQNVCSPLRNRSLFEWLSNAYQFLYLSSVDKQYIPTLVDLKTSLCIIDVAIDDACDNAEMIKKMGGEEFTYGILGLAYNIDKLMNDRHQRDFKISNEYGAEYYSVLHDIMENTISTLKTLPRFNEFKHEFIMAMRRVCHSMEFSYLINKGESVYPSSHIVENRSASTMVTVHSLLDLMASPTVNKKDIGKMIPLFHMADTVAMLGNTLNTWPREILEKDYSSPVLALALEKGLVGFDEFYNSKPEEIEKKLSPLSDIIEELIDAKLNEMRSHISNNNIQSFDAIK
YVENYLKIKEAFKNRERYWEKPCIA",Archaea,Without,CC(C)=CCCC(C)=CCCC(C)=CCOP([O-])(=O)OP([O-])([O-])=O
GIMH01053214,MATTANTAWLSSSSSSTSSSIVASKPRPCSSRHHIRYSIQDSSKLKIKKEALPKAAPVQQTIPASAEVYTGSWKTAEPLPKHQPNVPSESEKMRQWIETIRSMFRNMRDGQISISAYDTAWVARVPALDGRQAPQFPESLNWIMKHQLPDGSWGDKDLFLAYDRVCSTLACIVALKIWKTGEKIIAKGVDFIRRTMAKMETEDSNHMPIGFEIVFPAMMDEAQELGLEIQYDAPVMTKINAEREKKLRKIPMDMLHKYPTTLLHSLEGLHKLVDWKTILKLQSPDGSFLFSPASTACALMYTGDKKSLEFLNNILKTFDGAVPNVYPVDLFEHLWIVDRLQRLGIARYFNNEIEAALDYVHRYWTDKGIGWARDSPVQDVDDTAMAFRLLRTHGYQVSPDVFRKFQKGDEFFCFPGQAGQAVTGMYNLYRASQVRFPGEEVLQEAEAFSKSFLERKRDNLELYDKWIIMKDLPGEVDFALKYPFHANLERIATRKYIEQYGTDDVWIGKSLYRMPYVNNNVFLDLAKADFNLCQSLHTKELQQLSRWYEERKFSTCTFSYEKLVQSYFSAAATIFEPELAPARITWAQCWFMSAVIKEHFETQGSLEDLKKLVSAAERWDATLLEEDCSSKVRLFFSGLQNLVRIQGKQGLMYQGRDITGDLKAIWNRWLWCLLEKSHWRFSGHRPRMTEYIRNASCELEPSVLSTMYFVGENVSPAVAREPRAWKLMTVASSLVQDIQASKVDKKNSCCSSISIYMHENGCAADEAVAEMAKLADEQTAELLHETLNSSTLPPTCRQLFHNAARIMNMLSAMSADNSFRVLDKMSSHVQEVLFQQAA,Plants,With,CC(C)=CCCC(C)=CCCC(C)=CCCC(C)=CCOP([O-])(=O)OP([O-])([O-])=O
GIRA01039209.1.p1 GENE.GIRA01039209.1GIRA01039209.1.p1  ORF type:3prime_partial len:823 (-)score=84.22 GIRA01039209.1:3-2468(-)Alternanthera philoxeroides,MVSSLDGIESLAKKLKETLLVKVIENPSSFVSSSAYDTAWVAMVGDPEANNEQPMFKSCLEWVLNNQMQEGFWGERDSYGNPTIDSLPATLACMVALNMWGCGNQHIKKGMEFLGGNLTKLLISNRKGENYPRWFAIAFPGMVELARQRGLQVMFADEIKVDVAQTFSQQQKILKTEELVDKYHSPLLSYLEVMPSYYKIDVGTIINNLREDGSLFGSPAATAAAYMETGNLQSLSYLRNLVHNYNHGVPSMYPVDEVCVKLYMINHLQRLGLKDHFEDEIKVMSEDIYSKYNEQEAPQHCLIDGGANIFNSSLAFEVLRHQGYNVSPWKFCGFLNDEYALKHIEDNQESFASMLYNLYRATNLMFESETELKEMRLFSRNLLAKSCLYESNIINDGIMIWPHLQEGIKHEILVPWMARMDHLDHREWIEANKDSPLWLGKASYYRMSCLGSIDLLQLAKEHYEYRQMVYRKELIDLVRWSKLSGIADMGFARDKTTYCYFAIASSAPSIPCDSDIRLMVTKSAVIITVFDDFFDMEGSLNELQILTKAVQRWDNSELKSHTSKILFNVLDNFVDEVAKKYLAQNQIDITSNLREIWYEVVASWLTQATWSRTGQVPSMASYVETGKISIAAHILALQASCFLNPSLCPHYNLNPSQYEAITEHLMTSCRLLNDMQSYEKEARDGKLNSVTLHLKENPNEKMEDAIEYVRNLLEGTKMRLLEQALMYREDDKLPRSSKMLHLSTLKVFQMFFNAANHFDSKDSILKEINKAIFVPFEDQTPLEPPKPLSIPSRPKKVPSIINSRYDIDLKFFNRRSNFTMHQ,Plants,With,CC(C)=CCCC(C)=CCCC(C)=CCCC(C)=CCOP([O-])(=O)OP([O-])([O-])=O
Mapoly0046s0122,MAMATSSTLSLCVQMPPCLVDPTLAKSRSFRSSATPDSVTTKTGTNAGNAVRIFAILLPSVPGDNCRYGGGSQTTFTGSMMDLGQLTAGLFGKTNAATLLQSEHSVSAEPSLFEEDTAVLQPHQADTIKILVSNIKQSLACLTKTEGEVSVSAYDTAFCARIPAVDDPKKPQFPQSLAWIVANQHQDGSWGDDLKDWVYDRMNQTLACVVAMRSWNYCHDCVQRGVDYLQRNADKLAAEEMERMPIGFELAFTAMLAEARTLGLDLPYDTPFFDLLEKKRRKKLERVPLELLHSTPTTMLHSLEGIQSLDIDWKRLLKFQSDDGSICCSPSSTAVLYMHTRDEQCLSFLKKALAKFDHAVPTVYPLDIFHNLWVVDTLERLGISRYFSDEIENVLAAVYKHWSDEQGICWASVLKDVPDLDDSSMAFRLLRQHGYKVSADAFKVFHKDSAFACFAVGQMVQGVSDMFNLYRASQLSYPGETRLDEALAFSQQFLTDTLTSNKGNADKWSLKKDLAGEIQYSLKYPESKNLERLEVREYVDKYGPEDAWIGKTIYRLPLVNNPDYLALAKADFNLCLAIHQRELRHILRWISNSGLSDSRSVRERIVMFYVMFSAEAWEPELSAHRIAASKCLFIVLALHQLFNNQSTLTDLRLFLKVIQRWDASLVLDLPESFQACYNLLHNTLQDAMLDLGHEDLTQHFVDIWGGLVESFLIEAEWREIGTVPAMDEYWNVATTTIALKATVWSSMLISGEVDSEEITAWIKKDCKFLRRASEAIRLAQGFADYKETNDIGNHISMFKCYLNENEELTVEDAVEHFETMREQVQKELCMYRDEEKSLSQECRKVIMSFTKVANFYYDGEYVKECNHGLQRLMVSLVD,Plants,With,CC(C)=CCCC(C)=CCCC(C)=CCCC(C)=CCOP([O-])(=O)OP([O-])([O-])=O
A0A537EJD0,MFQEQNLPRSNERLTQVPRPSQRLTVKDATLLYKSIGTRDADHLFEWLHNLYTWICLPCVSLDYRIPLGEDKTKVAIFDVLADDLADNFATRSRFLLEEFVQIPWGRASDRSDPYLDLGKKLWKDAIESIQEYPRYKEFEKPFFFDLRQVLTAMDYSSLVNMVGMNNSIELDAYIPHGCMVMLALDMDLMCSPDFDIAELGRMRSVTYLAERVAHIGNMLVTYPRELVERDLSCPLLSLAVNKGIIKREDLGDPMVLPRLRILEPVFRRRASLYIDKIAKYEKQIHSVNISGFHSFLSQL,Archaea,Without,CC(C)=CCCC(C)=CCCC(C)=CCCC(C)=CCOP([O-])(=O)OP([O-])([O-])=O
A0A5S9IQ85,MFPQTVLPPHLAKLDEELFDIERMDRKIDIALQESPSLLSCKRDRFFDIVPVGFNYVMLNCISPKWAEDLLMIKVKLKILFQIYYELADLSHSSQHSQTTCLLEELYKLPLQSKHLNFEKLSKEQAETLHFCTNLWHDVINFIPQLPYYHLFKKFFFFDIQQFYIANRYWQLIRKYPEMSNKVENRSFLSHHMGIVINGMIDFMGTTEGRFDELGAMRNVLYKAQIICRISRVMNTLERSIRSGDISNEVIAIAIEHMLLPTQIHKKTNDELQQIFAPVIQKIHLDVEKLYREITTSSITTFCVHEFARGLKALHHLFDGFYDNGEIHYIHWDDIDKIDVV,Bacteria,Without,CC(C)=CCCC(C)=CCCC(C)=CCCC(C)=CCOP([O-])(=O)OP([O-])([O-])=O
A0A5E4I9B1,"MKNNGNKLWENSYEKFQNVCSPLRNRSLFEWLSNAYQFLYLSSVDKQYIPTLVDLKTSLCIIDVAIDDACDNAEMIKKMGGEEFTYGILGLAYNIDKLMNDRHQRDFKISNEYGAEYYSVLHDIMENTISTLKTLPRFNEFKHEFIMAMRRVCHSMEFSYLINKGESVYPSSHIVENRSASTMVTVHSLLDLMASPTVNKKDIGKMIPLFHMADTVAMLGNTLNTWPREILEKDYSSPVLALALEKGLVGFDEFYNSKPEEIEKKLSPLSDIIEELIDAKLNEMRSHISNNNIQSFDAIK
YVENYLKIKEAFKNRERYWEKPCIA",Archaea,Without,CC(C)=CCCC(C)=CCCC(C)=CCCC(C)=CCOP([O-])(=O)OP([O-])([O-])=O
